<?xml version="1.0" encoding="UTF-8"?>
<project-private xmlns="http://www.netbeans.org/ns/project-private/1">
    <editor-bookmarks xmlns="http://www.netbeans.org/ns/editor-bookmarks/2" lastBookmarkId="0"/>
    <open-files xmlns="http://www.netbeans.org/ns/projectui-open-files/2">
        <group>
            <file>file:/C:/xampp/htdocs/NeuroChange/assets/css/responsividad.css</file>
            <file>file:/C:/xampp/htdocs/NeuroChange/sendMailComent.php</file>
            <file>file:/C:/xampp/htdocs/NeuroChange/main.php</file>
            <file>file:/C:/xampp/htdocs/NeuroChange/sendMail.php</file>
            <file>file:/C:/xampp/htdocs/NeuroChange/landingPage.php</file>
            <file>file:/C:/xampp/htdocs/NeuroChange/index.php</file>
        </group>
    </open-files>
</project-private>
